assunto;localidade;pergunta;opcao_a;opcao_b;opcao_c;opcao_d;resposta_correta
Matemática;TODAS;Quanto é 7 x 8?;54;56;58;64;B
Matemática;TODAS;Qual é a raiz quadrada de 144?;10;11;12;14;C
Matemática;TODAS;Quanto é 15% de 200?;20;25;30;35;C
Matemática;TODAS;Qual o resultado de 9² - 5²?;56;60;64;81;A
Português;TODAS;Qual a classe gramatical da palavra 'rapidamente'?;Substantivo;Advérbio;Adjetivo;Pronome;B
Português;TODAS;Assinale o plural correto de 'cidadão':;Cidadães;Cidadões;Cidadãos;Cidadão's;C
Português;TODAS;Qual figura de linguagem está em 'Chove pedras de gelo'?;Metáfora;Hipérbole;Eufemismo;Ironia;B
Português;TODAS;'Ele chegou, porém não avisou.' A conjunção destacada é:;Aditiva;Adversativa;Conclusiva;Explicativa;B
História;TODAS;Em que ano foi proclamada a Independência do Brasil?;1808;1822;1889;1500;B
História;TODAS;Quem foi o primeiro presidente do Brasil?;Dom Pedro II;Getúlio Vargas;Deodoro da Fonseca;Juscelino Kubitschek;C
História;TODAS;A Revolução Francesa teve início em:;1789;1776;1804;1815;A
História;TODAS;Qual evento marcou o fim da Segunda Guerra Mundial?;Queda do Muro de Berlim;Rendição do Japão;Revolução Russa;Tratado de Versalhes;B
Geografia;TODAS;Qual é o maior país do mundo em extensão territorial?;China;Estados Unidos;Rússia;Canadá;C
Geografia;TODAS;Qual é o rio mais extenso do mundo?;Nilo;Amazonas;Yangtzé;Mississippi;B
Geografia;TODAS;Quantos estados possui a Região Norte do Brasil?;5;6;7;9;C
Geografia;TODAS;Qual é a capital da Austrália?;Sydney;Melbourne;Camberra;Perth;C
Ciências;TODAS;Qual é o principal gás responsável pelo efeito estufa?;Oxigênio;Nitrogênio;Gás Carbônico;Hidrogênio;C
Ciências;TODAS;Quantos ossos tem, aproximadamente, o corpo humano adulto?;156;186;206;226;C
Ciências;TODAS;Qual órgão é responsável por bombear o sangue no corpo?;Pulmão;Fígado;Coração;Rim;C
Ciências;TODAS;Qual é a unidade básica da vida?;Átomo;Célula;Molécula;Tecido;B
Informática;TODAS;O que significa a sigla 'CPU'?;Central Process Unit;Central Processing Unit;Computer Personal Unit;Central Program Unit;B
Informática;TODAS;Qual desses é um sistema operacional?;Excel;Chrome;Linux;Word;C
Informática;TODAS;O que é 'RAM' em um computador?;Memória de armazenamento permanente;Memória volátil de curto prazo;Um tipo de processador;Uma linguagem de programação;B
Informática;TODAS;Qual extensão é usada para arquivos do Excel?;.docx;.pptx;.xlsx;.pdf;C
Atualidades;TODAS;Qual é a moeda oficial da União Europeia?;Dólar;Euro;Libra;Franco;B
Atualidades;TODAS;Em que continente fica o Egito?;Ásia;Europa;África;Oceania;C
Atualidades;TODAS;Qual é o maior oceano do planeta?;Atlântico;Índico;Ártico;Pacífico;D
Atualidades;TODAS;Quantos jogadores compõem um time de futebol em campo?;9;10;11;12;C
IOs_ONS;TODAS;O objetivo do CD-CT.S.2RS.01 é apresentar os Dados Operacionais de Equipamentos da Área 230 kV do Rio Grande do Sul, a serem observados pelos operadores dos Centros de Operação do ONS e pela Operação dos Agentes envolvidos no controle destes valores. Esta afirmativa é verdadeira ou falsa?;Verdadeira;Falsa; ; ;A
IOs_ONS;TODAS;Assinale a alternativa CORRETA:;As unidades geradoras da UHE São José possuem turbinas tipo Kaplan Horizontal;A faixa de tensão de operação da UHE São José é de 13,1kV a 14,5Kv;A faixa de potência do gerador permitida é de 6,0 a 51 MW;O fator de potência das unidades geradoras é 0,85;B
IOs_ONS;TODAS;Assinale a alternativa CORRETA:;As unidades geradoras da UHE Foz do Rio Claro possuem turbinas tipo Kaplan Horizontal.;A faixa de tensão de operação da UHE Foz do Rio Claro é de 6,9kV a 13,8Kv.;A faixa de potência do gerador permitida é de 12,0 a 34,2 MW.;O fator de potência das unidades geradoras é 0,85.;C
IOs_ONS;TODAS;De quem é responsabilidade pelo controle e supervisão do despacho de geração da UHE São José? Assinale a alternativa CORRETA:;COSR-SE;COSR-S;COS – RGE;COG – ALUPAR;B
IOs_ONS;TODAS;Na operação normal as unidades geradoras G1 e G2 13,8 kV, estão conectadas ao barramento de 69 kV, por meio de seus respectivos transformadores elevadores, com os disjuntores de 69 kV fechados e todas as seccionadoras fechadas. Essa afirmação é verdadeira ou falsa?;Verdadeira;Falsa; ; ;A
IOs_ONS;TODAS;É procedimento da operação, após sincronismo de unidades geradoras da usina São José, quando de desligamento automático: Assinale a alternativa CORRETA:;Partir a unidade geradora e manter o disjuntor da mesma desligado.;Sincronizar e elevar a geração até a potência nominal da unidade geradora.;Somente tomar carga na usina se estiverem sincronizadas as duas unidades geradoras.;Após o fechamento do sincronismo, gerar o mínimo necessário para manter a unidade geradora sincronizada e solicitar autorização ao COSR-S para elevar a geração.;D
IOs_ONS;TODAS;Os equipamentos e linhas de transmissão da UHE Engº José Luiz Müller de Godoy Pereira fazem parte da Área 500 / 345 kV Goiás / Brasília. Essa afirmação é verdadeira ou falsa?;Verdadeira;Falsa; ; ;A
IOs_ONS;TODAS;Assinale a alternativa CORRETA com relação a alteração no valor de geração da usina Engº José Luiz Müller de Godoy Pereira, constante no PDO.;O COG da Alupar tem autonomia executar.;Somente poderá ser executado após a autorização do COSR-NCO.;Somente poderá ser executado após a autorização do Agente da Distribuição.;Somente poderá ser executado após a autorização do CNOS.;B
IOs_ONS;TODAS;De acordo com a IO-OI.N.FGO os equipamentos da se / UHE Ferreira Gomes fazem parte de que área do sistema? Assinale a alternativa CORRETA:;Área 500 / 230 kV de Jurupari.;Área 230 kV dos Estados do Norte.;Área 500 / 230 kV Manaus Macapá,;Área 230 kV Laranjal / Macapá.;C
IOs_ONS;TODAS;Os procedimentos de segurança a serem adotados quando da ocorrência de desligamentos imprevistos de linhas de transmissão ou equipamentos que estejam sendo submetidos à intervenção são de responsabilidade: Assinale a afirmativa CORRETA.;COSR-SE;COSR-NCO;COS – PLENA;COG da Alupar;D
IOs_ONS;TODAS;A coordenação da operação hidráulica dos reservatórios na bacia do rio Uruguai, será executada considerando as situações que indicam o grau de severidade da operação, os quais são: Assinale a alternativa CORRETA.;Normal e atenção;Alerta e Emergência;Normal, Atenção, Alerta e Emergência;Normal, Atenção, Alerta e Urgência;C
IOs_ONS;TODAS;As Restrições Operativas Hidráulicas – ROH, podemos afirmar: Assinale a alternativa CORRETA.;Poderão ser alteradas sempre que o Agente de Geração solicitar.;Poderão ser alteradas somente para atender manutenção de unidades geradoras.;Poderão ser alteradas excepcionalmente em condições críticas de secas ou cheias na bacia hidrográfica, ou ainda no caso de contingências no SIN.;Poderão ser alteradas somente com a autorização da Aneel.;C
IOs_ONS;TODAS;Na indisponibilidade dos dois circuitos da LT 230 kV Laranjal/ Macapá (C1 e C2), O COSR-NCO limitará o somatório de geração das UHE Ferreira Gomes e Cachoeira visando qual consequência para o SIN? Assinale a alternativa CORRETA.;Subtensão nos C1 e C2 da LT 230 kV Laranjal / Amapá.;Sobretensão na LT 230 kV Cachoeira Caldeirão / Ferreira Gomes.;Perda de Sincronismo no sistema Amapá em relação ao restante do SIN.;Atuação do ECE na UHE Coaracy Nunes.;C
IOs_ONS;TODAS;De quem é a responsabilidade das ações de comando e execução do controle sobre as tensões dos barramentos e carregamentos dos equipamentos pertencentes a Rede de Operação. Assinale a alternativa CORRETA. ;Centros de Operação dos Agentes de Distribuição.;Centros de Operação dos Agentes de Geração.;Centro Nacional de Operação do Sistema – CNOS.;Centros Regionais do ONS.;B
IOs_ONS;TODAS;A definição do número de tentativas de energização manual de equipamentos ou de linha de transmissão, bem como o intervalo entre elas é de responsabilidade: Assinale a alternativa CORRETA.;Centros de Operação do Agente de Distribuição.;Centros de Operação do Agente de Geração.;Centro Nacional de Operação do Sistema – CNOS.;Centro Regional do ONS.;B
IOs_ONS;TODAS;O Esquema de Controle de Emergência (ECE) é um Sistema Especial de Proteção que objetiva, a partir da detecção de uma condição anormal de operação, realizar uma ação automática de controle com a finalidade de preservar a integridade de equipamentos e linhas de transmissão. Essa afirmação é verdadeira ou falsa?;Verdadeira;Falsa; ; ;A
IOs_ONS;TODAS;Por meio de quais ações é feita a operação normal da Área 230 kV Norte da Região Nordeste?;Coordenação, Supervisão e Monitoramento.;Coordenação, Supervisão e Controle.;Controle, Supervisão e Intervenção.;Supervisão, Ordenação e Monitoramento.;B
IOs_ONS;TODAS;De acordo com a IO-ON.NE.2NO, a quem cabe tomar as medidas corretivas cabíveis em caso de verificação de qualquer tipo de violação de limite operativo?;COG Alupar;COSR-NCO;COSR-NE;COSR-S;C
IOs_ONS;TODAS;A operação normal da Área 230 kV Norte da Região Nordeste é feita por meio de ações de coordenação, de supervisão e de controle nas tensões dos barramentos e nos carregamentos dos equipamentos pertencentes à Rede de Operação. Esta afirmação é verdadeira ou falsa?;Verdadeira;Falsa; ; ;A
IOs_ONS;TODAS;O restabelecimento de linhas de transmissão e equipamentos, após desligamento automático, pode ser realizado com autonomia pela operação da instalação, desde que explicitado em qual documento?;RDO;SM - Sequência de Manobras;Instruções de Operação de Instalações;Manual de Limites Operativos;C
IOs_ONS;TODAS;De quem é a responsabilidade de definição da quantidade de tentativas de energização manual de linhas de transmissão ou de equipamentos, bem como o intervalo entre elas?;Agente;ONS;ANEEL;Agência Reguladora;A
IOs_ONS;TODAS;A desenergização da LT 230 kV Pitombeira/ Russas II deve ser iniciada por qual instalação?;SE Pitombeira;SE Russas II;SE Banabuiú;SE Aracati;B
IOs_ONS;TODAS;De acordo com a IO-PM.NE.2NO, a energização da LT 230 kV Pitombeira/ Russas II iniciando pela SE Pitombeira é:;Permitida;Permitida, desde que a tensão na barra esteja maior que 142 kV.;Permitida, desde que a tensão na barra esteja menor ou igual a 142 kV.;Proibida;D
IOs_ONS;TODAS;De acordo com a IO-PM.NE.2NO, a energização da LT 230 kV Pitombeira/ Russas II iniciando pela SE Russas II é:;Permitida;Proibida; ; ;A
IOs_ONS;TODAS;De acordo com a IO-EE.NE.2NO, qual a ação correta quando da atuação de algum esquema especial?;Solicitar autorização do Coordenador de operação para recompor carga, equipamentos ou linhas de transmissão que foram desligados decorrentes da atuação do esquema especial.;Solicitar autorização do Coordenador de manutenção para recompor carga, equipamentos ou linhas de transmissão que foram desligados decorrentes da atuação do esquema especial.;Solicitar autorização do Coordenador da instalação para recompor carga, equipamentos ou linhas de transmissão que foram desligados decorrentes da atuação do esquema especial.;Solicitar autorização do ONS para recompor carga, equipamentos ou linhas de transmissão que foram desligados decorrentes da atuação do esquema especial.;D
IOs_ONS;TODAS;Qual a finalidade do esquema de corte de geração na SE Russas II?;Evitar sobrecarga acima do limite de curta duração na LT 230 kV Pitombeira/ Russas II, quando da contingência de LTs 230 kV da Área Norte da Região Nordeste.;Evitar sobrecarga acima do limite de curta duração na LT 230 kV Banabuiú / Russas II, quando da contingência de LTs 230 kV da Área Norte da Região Nordeste.;Evitar sobrecarga acima do limite de curta duração na LT 230 kV Banabuiú / Russas II, quando da contingência de LTs 230 kV da Área Norte da Região Sudeste.;Evitar sobrecarga acima do limite de curta duração na LT 230 kV Banabuiú / Russas II, quando da contingência de LTs 500 kV da Região Nordeste.;A
IOs_ONS;TODAS;O esquema de corte de geração na SE Russas II supervisiona o carregamento da LT 230 kV Banabuiú / Russas II – C1(C1) e, quando for verificada sobrecarga acima do limite de curta duração da LT, efetua corte de geração nos Conjuntos Jandaia, Pitombeira e Aracati II em quantos estágios?;1 estágio;2 estágios;3 estágios;4 estágios;C
IOs_ONS;TODAS;Após verificação da corrente acima do limite de curta duração da LT 230 kV Banabuiú / Russas II – C1(C1), no terminal da SE Russas II, equivalente a 621 A, o esquema de corte de geração efetuará o desligamento das LTs 230 kV Russas II / Jandaia – C1(P4), Russas II / Pitombeira – C1(P2) e Russas II / Aracati II – C1(P1) em três estágios. Em qual estágio e temporização ocorre o desligamento da LT 230 kV Russas II/Pitombeira – C1(P2)?;1º estágio e 2 segundos;2º estágio e 3 segundos;3º estágio e 4 segundos;1º estágio e 3 segundos;B
IOs_ONS;TODAS;Qual o correto procedimento para a operação do esquema de corte de geração na SE Russas II?;Manter o esquema ligado;Manter o esquema ligado, somente se estiver em operação apenas uma das LTs 230 kV Banabiu/Russas-II.;Manter o esquema desligado; Manter o esquema desligado, somente se estiver em operação apenas uma das LTs 230 kV Banabiu/Russas-II.;A
IOs_Internas;TODAS;IO-002_Qual é o objetivo da IO-COG-002?;Estabelecer critérios e procedimentos operativos a serem seguidos quando de trabalhos em equipamentos desenergizados.;Normatizar a forma de utilização dos recursos de telecomunicações de voz nas empresas de geração do Grupo Alupar.;Estabelecer critérios e procedimentos operativos para testes de comunicação quando de trabalhos em regime de linha energizada.; Estabelecer os procedimentos para liberação e normalização de serviços que dependem do sistema de comunicação de voz.;B
IOs_Internas;TODAS;IO-002_O rádio é um recurso de telecomunicação de voz que apenas permite que, a cada vez, um dos interlocutores fale e o outro escute, estabelecendo uma conversação segmentada (sistema simplex). Esta afirmativa é?; Verdadeira; Falsa; ; ;A
IOs_Internas;TODAS;IO-002_A pessoa que tem a iniciativa de fazer a chamada, utilizando algum recurso de telecomunicação de voz, é considerada?;Emissor;Receptor;Interlocutor;Feedback;A
IOs_Internas;TODAS;IO-002_Pessoa que recebe a chamada através do correspondente recurso de telecomunicação de voz, é considerada? ;Emissor;Receptor;Interlocutor;Feedback;B
IOs_Internas;TODAS;IO-002_Fraseologia é uma forma de construção de frases, adotada pela comunicação verbal peculiar a uma determinada atividade. Esta afirmativa é?; Verdadeira;Falsa; ; ;A
IOs_Internas;TODAS;IO-002_Quando houver necessidade de soletrar alguma palavra, devemos utilizar o Alfabeto Fonético Internacional. Desta forma, quais são o fonema correto para soletrar a palavra CHAVE.;Cachorro, Hotel, Alfa, Vida, Escola.;  Charlie, Hotel, Alfa, Victor, Echo.;  Charlie, Homem, Alfa, Vaca, Escola.;  Casa, Homem, Alfa, Vaca, Echo.;B
IOs_Internas;TODAS;IO-002_Quando houver necessidade de soletrar alguma palavra, devemos utilizar o Alfabeto Fonético Internacional. Desta forma, quais são o fonema correto para soletrar a palavra UNIDADE.;Universo, Navio, Igreja, Dado, Alfa, Dado, Escola.;Urso, Navio, Igreja, Dado, Alfa, Dado, Escola.;Uniform, November, Índia, Delta, Alfa, Delta, Echo.;Uniforme, Novembro, Igreja, Delta, Alfa, Delta, Echo.;C
IOs_Internas;TODAS;IO-002_Quando houver necessidade de soletrar alguma palavra, devemos utilizar o Alfabeto Fonético Internacional. Desta forma, quais são o fonema correto para soletrar a palavra FICHA.;Faca, Igreja, Charlie, Hospital, Alfa.;Faca, Índia, Casa, Hotel, Alfa.;Foxtrot, Índia, Charlie, Hotel, Alfa.;Forca, Índia, Charlie, Hospital, Alfa.;C
IOs_Internas;TODAS;IO-001_A IO-COG-001 trata de “Procedimentos para impedimentos de equipamentos ou instalações para execução de serviços nas Usinas e Pequenas Centrais Hidroelétricas operadas pelo COG”. Esta afirmação está “CORRETA”:;VERDADEIRO;FALSO; ; ;A
IOs_Internas;TODAS;IO-001_O OBJETIVO da IO-COG-001 é padronizar os procedimentos para realização de impedimentos de equipamentos ou instalações para possibilitar a de serviços e visa também estabelecer regras básicas para garantir a segurança dos profissionais envolvidos, dos equipamentos e da própria instalação. Esta afirmação está “INCORRETA”:;VERDADEIRO;FALSO; ; ;B
IOs_Internas;TODAS;IO-001_Assinale a alternativa que descreve o Atendimento Operativo Local:;Suporte operacional prestado à equipe do COG nas usinas pelos Mantenedores de forma ostensiva quando da necessidade de execução de atividades que não possuem recursos de telecomando.; De forma eventual quando houver necessidade de transferir a operação (parcial ou total) da Usina do Operador do COG para o Mantenedor, devido a indisponibilidade do sistema de supervisão e comando.;Todas as anteriores;Nenhuma das anteriores;C
IOs_Internas;TODAS;IO-001_O Bloqueio de Chaves Seccionadoras e de Aterramento consiste em retirar alimentação de corrente contínua e ou corrente alternada do comando e ou do motor de acionamento da chave seccionadora ou de aterramento, bem como a travamento mecânico do seu mecanismo de acionamento através de cadeados ou dispositivos, com a finalidade de impedir o acionamento das mesmas. Esta afirmação é:;Verdadeira;Falsa; ; ;B
IOs_Internas;TODAS;IO-001_Assinale quais dos itens a seguir faz parte das Condições de Segurança conforme IO-COG-001:;Sistema anti-incêncio CO² da UG-X bloqueado;Trip do relé X desconectado;Sistema de Automatismo do Serviço Auxiliar CA/CC bloqueado;Todas as anteriores;D
IOs_Internas;TODAS;IO-001_A informação a seguir: “Intervenção que requer ações de curto prazo, para correção de defeito, visando evitar desligamento intempestivo, risco à integridade física das pessoas, instalações ou meio ambiente ou danos ao equipamento/instalação”. Corresponde a qual TIPO de Intervenção:;Intervenção de Emergência – IE;Intervenção de Urgência – IU;Intervenção Programada – IP;Nenhuma das anteriores – NA;B
IOs_Internas;TODAS;IO-001_Para a execução de uma Intervenção Programada – IP é necessário elaborar documentos para que a atividade seja realizada com a maior segurança possível, quais são estes documentos:;MO – SM – RA;PAS – AS – SM;ATEIE – AI – MO;Nenhuma das anteriores;B
IOs_Internas;TODAS;IO-001_O serviço poderá ser autorizado e a respectiva AS entregue ao Responsável pelos Serviços depois de cumpridas todas às condições estabelecidas no campo “Condições de Segurança” do documento AS”. Esta informação é:;Verdadeira;Falsa; ; ;A
IOs_Internas;TODAS;IO-001_Qualquer operador da área de manutenção poderá devolver à AS para a OPERAÇÃO. Esta informação é:;Verdadeira;Falsa; ; ;B
IOs_Internas;TODAS;IO-001_Caso um equipamento ou instalação não possua quaisquer documentos AS referente, o mesmo deve ser considerado:;Para todos os efeitos, como estando energizado e ou, em condições normais de funcionamento;Para todos os efeitos, como estando desenergizando e ou, sem condições de funcionamento;Para todos os efeitos, como estando desenergizando em condições anormais de funcionamento;Nenhuma das alternativas anteriores;A
IOs_Internas;TODAS;IO-001_Durante o período em que o equipamento/instalação estiver sob intervenção (período compreendido entre o horário de emissão e conclusão da AS) as condições de segurança necessárias podem ser alteradas?;Sim, caso haja necessidade de alterá-las;Sim, desde que seja para a realização de testes de funcionamento;Sim, desde que haja solicitação do responsável pelos serviços e concordância do Operador do COG;Não, pois as condições de segurança necessárias e estabelecidas no documento deverão permanecer no estado operativo requerido e não poderá ser alterada em hipótese alguma.;D
IOs_Internas;TODAS;IO-001_Quem são os responsáveis para conferir o documento Sequência de Manobras – SM, antes de iniciar a liberação do equipamento/instalação?;Mantenedor, Operador-Mantenedor, Operador do COG;Pré-Operação, Pós-Operação, Gestores;Recursos Humanos, Jurídico, Motorista;Tempo Real e Pós-operação;A
IOs_Internas;TODAS;IO-001_Durante a execução do documento Sequência de Manobra – SM, devemos executar a sequência estabelecida da maneira que melhor nos convém, desrespeitando a sequência pré-estabelecida. Está afirmação está “INCORRETA”?;Sim;Não; ; ;A
IOs_Internas;TODAS;IO-001_Em qual situação é permitido a execução de determinadas manobras em equipamentos e instalações sem o documento Sequência de Manobra – SM?;Programada – risco de acidente com pessoas, risco de danificação de equipamentos ou risco de desligamento intempestivo, causando risco para o SIN;Urgência – risco de acidente com pessoas, risco de danificação de equipamentos ou risco de desligamento intempestivo, causando risco para o SIN;Emergência – risco de acidente com pessoas, risco de danificação de equipamentos ou risco de desligamento intempestivo, causando risco para o SIN;Normalmente – o colaborador decide executar uma intervenção em determinado equipamento, sem informar o Operador do COG;C
IOs_Internas;TODAS;IO-001_Com quantos dias de antecedência devemos enviar uma PAS para a Pré-operação do COG para que a atividade seja caracterizada como Intervenção Programada – IP, sem que a intervenção conste no PMI (Plano Mensal de Intervenções) do ONS?;15 dias;10 dias;20 dias;37 dias;C
IOs_Internas;TODAS;IO-001_As vantagens de uma intervenção constar no PMI (Plano Mensal de Intervenções) do ONS são as seguintes: “1 – Aprovação ou não da intervenção com 15 dias de antecedência da data do impedimento. 2 – Em caso de coincidências com intervenções de outros agentes, as intervenções constantes do PMI terão prioridade na aprovação em relação àquelas que não constam no PMI. 3 – O PMI nos instrui em como devemos executar as Manobras de Liberação das Intervenções”. Informe as opções corretas:;1 e 2;2 e 3;1 e 3;Todas.;A
IOs_Internas;TODAS;IO-001_A necessidade de uma intervenção, verificada após as 15 horas (do último dia útil) antes do início da intervenção ou no dia corrente da intervenção, corresponde a qual área do COG:;Tempo Real do COG;Pré-operação do COG;Pós-operação do COG;TI-Automação;A
IOs_Internas;TODAS;IO-001_A aprovação da Intervenção de Urgência – IU está condicionada às justificativas caracterizada por ao menos um dos três motivos a seguir:  Risco de acidente com pessoas. Risco de danificação de equipamentos. Risco iminente de desligamento intempestivo, causando risco para o SIN. Quando as solicitações não se enquadram nas três condições mencionadas, serão tratadas como exceção e precisarão da anuência prévia dos coordenadores/gerentes das áreas. Estas afirmações estão “CORRETAS”:;Sim;Não; ; ;A
IOs_Internas;TODAS;IO-001_Nas Intervenções Programadas – IP, a área de Pré-operação do COG deverá aprovar as ASs até 10 (dez) dias antes da data do impeditivo e infirmar a área de manutenção das Usinas/PCHs, salvo se está aprovação depender de aprovação do ONS ou Outro Agente. Nas intervenções de urgência, a área de operação responsável pela análise e aprovação das intervenções deverá informar a aprovação à área de manutenção das Usinas/PCHs, em até 5 (cinco) dias. Está afirmação é:;Verdadeira;Falsa; ; ;B
IOs_Internas;TODAS;IO-001_Qual a quantidade de REPROGRAMAÇÔES permitidas pela IO-COG-001:;2;3;4;5;B
IOs_Internas;TODAS;IO-001_Se o período dos serviços na solicitação da reprogramação estiver com o início previsto para o dia corrente e o término ultrapassando o limite do próximo dia útil, verificar se a programação ou reprogramação atual prevê a liberação nestes períodos. Neste caso adotar os seguintes procedimentos:;O Operador do COG/Operador Mantenedor terá condições para efetuar a análise da solicitação e aprovar (ou não) a reprogramação;O Operador do COG/Operador Mantenedor não terá condições para efetuar a análise da solicitação, sendo necessário que ele encaminhe a solicitação de reprogramação para à área de Pré-operação do COG analisar.;O Operador do COG deverá cancelar a programação e solicitar para que o mantenedor encaminhe novo processo para a área de Pré-operação;O Operador do COG deverá emitir o documento AS no dia corrente e depois reprogramar o termino das atividades para o dia requerido pelo Mantenedor;A
IOs_Internas;TODAS;IO-001_Com relação as reprogramações sob responsabilidade da Área de Pré-operação do COG, é correto afirmar que: “As solicitações de reprogramações cujo início não está previsto para o dia corrente (dia atual) deverão ser encaminhadas a área de Pré-operação do COG para análise”.;VERDADEIRO;FALSO; ; ;A
IOs_Internas;TODAS;IO-001_O que ocorre se até a data e hora prevista para o término do impedimento, não houver a solicitação de liberação dos serviços constantes das solicitações de intervenções já aprovadas?;O processo será considerado como período programado para execução expirado e os documentos integrantes deste processo serão automaticamente cancelados;O processo será considerado como período programado para execução expirado e os documentos integrantes deste processo serão automaticamente reprogramados;O processo será considerado como período programado para execução expirado e os documentos integrantes deste processo serão reprogramados pelos Mantenedores;O processo será considerado como período programado para execução expirado e os documentos integrantes deste processo poderão ser reprogramados pelos Operadores do COG;A
IOs_Internas;TODAS;IO-001_Após quanto tempo do horário programado para início das atividades, se não ocorrer a solicitação de liberação dos serviços, constantes das solicitações de intervenções, o Operador do COG deverá contatar o responsável pela solicitação da intervenção (emitente do PAS) e verificar se os serviços serão executados, reprogramados ou cancelados;30 minutos;1hora e 30 minutos;1 hora;45 minutos;C
IOs_Internas;TODAS;IO-001_Após concluídas as manobras de liberação, o operador do COG deve coordenar com o Mantenedor presente na instalação e este por sua vez juntamente com o Responsável pelos Serviços deverão executar quais ações:;O desligamento e bloqueio das alimentações de acionamento;Efetuar o travamento mecânico com cadeados e ou outros dispositivos dos equipamentos constantes das condições de segurança;A colocação do CIO nos dispositivos constantes das condições de Segurança e certificação de que todas as condições de segurança do impedimento estão corretamente atendidas;Todas as anteriores;D
IOs_Internas;TODAS;IO-001_Mediante a qual preenchimento a AS é liberada pela operação à manutenção?;Campo “Liberação”, com data e horário da liberação, nome o operador responsável pela liberação e nome do Responsável pelos Serviços;Campo “Confirmação de APR”, com data e horário da confirmação da execução da Análise Preliminar de Riscos;Campo “Confirmação dos Bloqueios” com data e horário em que foram efetuados;Campo “Normalização”, com data e horário da normalização, nome o operador responsável pela Normalização e nome do Responsável pelos Serviços;A
IOs_Internas;TODAS;IO-001_Em uma situação de emergência, caracterizada como aquela que pode causar danos a pessoas ou a equipamentos ou instalações, o Mantenedor, Operador do COG ou Operador-Mantenedor, deve efetuar de imediato as manobras necessárias para isolar os equipamentos ou instalações afetadas e em seguida informar a quem a ocorrência?1 - Centro de Operação do ONS - 2 - Operador do COG - 3 – Pré-operação, Quais estão corretas:;1 e 2;2 e 3;1 e 3;1,2 e 3;A
IOs_Internas;TODAS;IO-001_Quantos Termos de Transferência e Assunção de Responsabilidade podem ser emitidos por AS?;3;4;1;A cada necessidade de mudança do Responsável pelos Serviços;D
IOs_Internas;TODAS;IO-007_Qual é o objetivo da IO-COG-007?;Estabelecer critérios e procedimentos operativos a serem seguidos quando de trabalhos em equipamentos desenergizados.;Estabelecer critérios e procedimentos operativos a serem seguidos quando de trabalhos em equipamentos pertencentes ao Serviço Auxiliar de Corrente Alternada.;Estabelecer critérios e procedimentos operativos a serem seguidos pelos Operadores do COG e o Responsável pelos Serviços quando de trabalhos em regime de linha energizada em linhas de transmissão pertencente às geradoras do Grupo Alupar.;Estabelecer critérios e procedimentos operativos a serem seguidos pelos profissionais das áreas de Operação e Manutenção quando de trabalhos em altura.;C
IOs_Internas;TODAS;IO-007_Das alternativas abaixo, qual delas é a melhor que define a expressão “Condicionamento do Religamento Manual”?;É a inserção de Etiqueta de alerta/CIO no comando dos disjuntores da linha de transmissão e a proibição de religamento manual dos mesmos, sem prévio contato com o Responsável pelos serviços.;É a proibição de efetuar o religamento do disjuntor em caso de trip.;É a permissão do religamento manual quando o religamento automatico estiver bloqueado.;É a permissão do religamento manual quando o religamento automatico estiver desbloqueado.;A
IOs_Internas;TODAS;IO-007_Serviços realizados em dispositivos ou componentes de equipamento, estando este energizado, é a definição de Intervenção em Equipamento Energizado. Esta afirmativa é?;Verdadeira;Falsa; ; ;A
IOs_Internas;TODAS;IO-007_Durante os trabalhos em regime de linha energizada, ocorrendo desligamento da LT, quem poderá autorizar o seu religamento?;Somente o Coordenador da usina;Somente o Responsável pelos Serviços;Somente o Operador do COG;Somente o Gerente do COG;B
IOs_Internas;TODAS;IO-007_Para a realização de serviços em regime de linha energizada, é imprescindível o contato permanente entre o Responsável pelos Serviços e o Operador do COG antes do início, durante a execução e ao término dos trabalhos. Esta afirmação é?;Verdadeira;Falsa; ; ;A
IOs_Internas;TODAS;IO-007_Para realização de um trabalho, em regime de linha energizada ao longo da linha de transmissão, o Responsável pelos Serviços poder solicitar o documento AS em um dos terminais da LT e depois se deslocar para o local de trabalho.;Sim, pois a comunicação na subestação normalmente é melhor que ao longo da LT.;Não, pois antes da emissão da AS, há necessidade de testar os meios de comunicação entre o Responsável pelos serviços e o Operador do COG.;Deve ser na subestação, pois é o local onde existe todos os recursos necessários para a emissão dos documentos.;Pode ser tanto na subestação como ao longo da LT, ficando a critério do Responsável pelos Serviços.;B
IOs_Internas;TODAS;IO-007_Na impossibilidade de estabelecer um contato direto entre o Operador do COG e o Responsável pelos Serviços, nas atividades em regime de linha energizada, é possível estabelecer uma rota de comunicação alternativa. Esta afirmação é?;Verdadeira;Falsa; ; ;A
IOs_Internas;TODAS;IO-007_Durante a execução dos trabalhos, o Responsável pelos Serviços deverá efetuar testes periódicos de comunicação, no mínimo a cada uma hora, com o Operador do COG, a fim de garantir uma comunicação permanente durante todo o período de execução dos trabalhos. Esta afirmação é?;Verdadeira;Falsa; ; ;A
IOs_Internas;TODAS;IO-007_Durante a execução dos trabalhos, caso haja interrupção da comunicação, a equipe de manutenção deve, de imediato, paralisar os trabalhos e o Responsável pelos Serviços deve               procurar outro meio de comunicação e contatar o Operador do COG para devolução da AS. Esta afirmativa é?;Verdadeira;Falsa; ; ;A
IOs_Internas;TODAS;IO-007_Durante a execução dos trabalhos, caso haja desligamento da LT por motivos conhecidos pelo Operador do COG e sem envolvimento com as atividades em andamento, o religamento da LT poderá ser efetuado sem contato com o Responsável. Esta afirmativa é? ;Verdadeira;Falsa; ; ;A
IOs_Internas;TODAS;IO-*02_Qual o objetivo da IO-FGO-502?;Estabelecer os procedimentos e metodologias para operação das unidades geradoras da UHE Ferreira Gomes, tanto em regime normal como em regime de emergência.;Estabelecer os procedimentos e metodologias para operação hidráulica do reservatório da UHE Ferreira Gomes, tanto no período de controle de cheias (PCC) quanto no período fora do controle de cheias (PFCC).;Estabelecer os procedimentos operativos para manobras no vertedouro da UHE Ferreira Gomes.;Estabelecer os procedimentos operativos para evitar aumento de saturação de oxigênio à jusante da UHE Ferreira Gomes.;B
IOs_Internas;TODAS;IO-*02_Qual o objetivo da IO-FRC-102?;Estabelecer os procedimentos e metodologias para operação das unidades geradoras da UHE Eng. José Luiz Müller de Godoy Pereira, tanto em regime normal como em regime de emergência.;Estabelecer os procedimentos e metodologias para operação hidráulica do reservatório da UHE Eng. José Luiz Müller de Godoy Pereira, tanto no período de controle de cheias (PCC) quanto no período fora do controle de cheias (PFCC).;Estabelecer os procedimentos operativos para manobras no vertedouro da UHE Eng. José Luiz Müller de Godoy Pereira.;Estabelecer os procedimentos operativos para evitar aumento de saturação de oxigênio à jusante da UHE Eng. José Luiz Müller de Godoy Pereira.;B
IOs_Internas;TODAS;IO-*02_Qual o objetivo da IO-SJO-202?;Estabelecer os procedimentos e metodologias para operação das unidades geradoras da UHE São José, tanto em regime normal como em regime de emergência.;Estabelecer os procedimentos e metodologias para operação hidráulica do reservatório da UHE São José, tanto no período de controle de cheias (PCC) quanto no período fora do controle de cheias (PFCC).;Estabelecer os procedimentos operativos para manobras no vertedouro da UHE São José.;Estabelecer os procedimentos operativos para evitar aumento de saturação de oxigênio à jusante da UHE São José.;B
IOs_Internas;TODAS;IO-*02_Quais são os pares de valores que estabelecem o Estado Hidráulico do Reservatório?;Nivel Montante e Vazão Defluente.;Nível Jusante e Vazão Defluente.;Nível Montante e Vazão Afluente.;Nível Montante e Nível Jusante.;C
IOs_Internas;TODAS;IO-*02_Qual a definição de Nível Jusante?;Nível de água imediatamente a jusante de um aproveitamento hidroelétrico, em geral medido no canal de fuga da usina.;Nível de água mais elevado para o qual a barragem foi projetada. É geralmente fixado como o nível correspondente à elevação máxima, quando da ocorrência de cheia de projeto.;Nível máximo de água de um reservatório, para fins de operação normal de uma usina hidroelétrica.;Nível de água imediatamente a montante de um aproveitamento hidroelétrico, em geral medido nas proximidades da barragem.;A
IOs_Internas;TODAS;IO-*02_Qual a definição de Nível Montante?;Nível de água imediatamente a jusante de um aproveitamento hidroelétrico, em geral medido no canal de fuga da usina.;Nível de água mais elevado para o qual a barragem foi projetada. É geralmente fixado como o nível correspondente à elevação máxima, quando da ocorrência de cheia de projeto.;Nível máximo de água de um reservatório, para fins de operação normal de uma usina hidroelétrica.;Nível de água imediatamente a montante de um aproveitamento hidroelétrico, em geral medido nas proximidades da barragem.;D
IOs_Internas;TODAS;IO-*02_Qual a definição de Nível Máximo Operativo Normal?;Nível de água imediatamente a jusante de um aproveitamento hidroelétrico, em geral medido no canal de fuga da usina.;Nível de água mais elevado para o qual a barragem foi projetada. É geralmente fixado como o nível correspondente à elevação máxima, quando da ocorrência de cheia de projeto.;Nível máximo de água de um reservatório, para fins de operação normal de uma usina hidroelétrica.;Nível de água imediatamente a montante de um aproveitamento hidroelétrico, em geral medido nas proximidades da barragem.;C
IOs_Internas;TODAS;IO-*02_Qual a definição de Nível Máximo Maximorum?;Nível de água imediatamente a jusante de um aproveitamento hidroelétrico, em geral medido no canal de fuga da usina.;Nível de água mais elevado para o qual a barragem foi projetada. É geralmente fixado como o nível correspondente à elevação máxima, quando da ocorrência de cheia de projeto.;Nível máximo de água de um reservatório, para fins de operação normal de uma usina hidroelétrica.;Nível de água imediatamente a montante de um aproveitamento hidroelétrico, em geral medido nas proximidades da barragem.;B
IOs_Internas;TODAS;IO-*02_Qual a definição de Tempo de Recorrência?;Intervalo de tempo médio para coletar as leituras necessárias, a fim de efetuar o controle hidráulico do reservatório com segurança.;Intervalo de tempo médio necessário para que um determinado evento seja igualado ou excedido. Esse intervalo é estimado pelo inverso da sua probabilidade.;Período em que são alocados volume de espera nos reservatórios dos aproveitamentos hidroelétricos para controle de cheias.;Intervalo de tempo médio entre as manobras nas comportas do vertedouro.;B
IOs_Internas;TODAS;IO-*02_Qual a definição de Restrição Hidráulicas?;Conjunto de limitações da operação das unidades geradoras em função das limitações imposta pela Curva de Capabilidade.;Conjunto de limitações da operação das unidades geradoras em função das limitações imposta pelo ONS (Operador Nacional do Sistema).;Conjunto de limitações da operação hidráulica dos aproveitamentos hidroelétricos que devem ser respeitadas para que não resultem em danos para a instalação, para a sociedade e ou para o meio ambiente.;Conjunto de limitações da operação hidráulica dos aproveitamentos hidroelétricos que devem ser respeitadas melhorar a performance das unidades geradoras.;C
IOs_Internas;TODAS;IO-*02_Qual a definição de Vazão Defluente?;Vazão que chega a um aproveitamento hidroelétrico ou a uma estrutura hidráulica.;Vazão que sai de um aproveitamento hidroelétrico ou de uma estrutura hidráulica. Diz-se, também, efluente.;Vazão correspondente a uma restrição hidráulica.;Vazão que passa através das turbinas de uma usina hidroelétrica.;B
IOs_Internas;TODAS;IO-*02_Qual a definição de Vazão Afluente?;Vazão que chega a um aproveitamento hidroelétrico ou a uma estrutura hidráulica.;Vazão que sai de um aproveitamento hidroelétrico ou de uma estrutura hidráulica. Diz-se, também, efluente.;Vazão correspondente a uma restrição hidráulica.;Vazão que passa através das turbinas de uma usina hidroelétrica.;A
IOs_Internas;TODAS;IO-*02_Qual a definição de Vazão Turbinada?;Vazão que chega a um aproveitamento hidroelétrico ou a uma estrutura hidráulica.;Vazão que sai de um aproveitamento hidroelétrico ou de uma estrutura hidráulica. Diz-se, também, efluente.;Vazão correspondente a uma restrição hidráulica.;Vazão que passa através das turbinas de uma usina hidroelétrica.;D
IOs_Internas;TODAS;IO-*02_Qual a definição de Vazão de Restrição?;Vazão que chega a um aproveitamento hidroelétrico ou a uma estrutura hidráulica.;Vazão que sai de um aproveitamento hidroelétrico ou de uma estrutura hidráulica. Diz-se, também, efluente.;Vazão correspondente a uma restrição hidráulica.;Vazão que passa através das turbinas de uma usina hidroelétrica.;C
IOs_Internas;TODAS;IO-*02_Qual a definição de Vazão Vertida?;Vazão que chega a um aproveitamento hidroelétrico ou a uma estrutura hidráulica.;Vazão que sai de um aproveitamento hidroelétrico ou de uma estrutura hidráulica. Diz-se, também, efluente.;Vazão liberada por um reservatório através de vertedouros de superfície e ou de descarregadores de fundo.;Vazão que passa através das turbinas de uma usina hidroelétrica.;C
IOs_Internas;TODAS;IO-*02_Qual a definição de Volume útil?;Volume do reservatório compreendido entre o nível máximo operativo normal e o nível máximo maximorum.;Volume do reservatório compreendido entre o nível máximo operativo normal e o nível mínimo operativo normal.;Volume do reservatório que fica abaixo do nível mínimo operativo normal.;Parte do volume útil de um reservatório, abaixo do nível máximo operativo normal, mantido vazio para ser utilizado no controle de cheias.;B
IOs_Internas;TODAS;IO-*02_Qual a definição de Volume morto?;Volume do reservatório compreendido entre o nível máximo operativo normal e o nível máximo maximorum.;Volume do reservatório compreendido entre o nível máximo operativo normal e o nível mínimo operativo normal.;Volume do reservatório que fica abaixo do nível mínimo operativo normal.;Parte do volume útil de um reservatório, abaixo do nível máximo operativo normal, mantido vazio para ser utilizado no controle de cheias.;C
Ac_Operativos;TODAS;Em que condições haverá necessidade de emissão de AI entre as empresas?;Sempre que houver impedimentos de equipamentos de interligação em regime energizado.;Quando de necessidade de trabalhos, em regime desenergizado, em equipamentos de uma empresa e houver necessidade de condições de impedimento por parte da outra empresa.;Quando de necessidade de trabalhos, em regime energizado, em equipamentos de uma empresa e houver necessidade de condições de impedimento por parte da outra empresa.;Sempre que houver impedimentos de equipamentos de interligação em regime desenergizado.;B
Ac_Operativos;TODAS;Em que condições haverá necessidade de emissão de ATEIE entre as empresas?;Sempre que houver impedimentos de equipamentos de interligação em regime energizado.;Quando de necessidade de trabalhos, em regime desenergizado, em equipamentos de uma empresa e houver necessidade de condições de impedimento por parte da outra empresa.;Quando de necessidade de trabalhos, em regime energizado, em equipamentos de uma empresa e houver necessidade de condições de impedimento por parte da outra empresa.;Sempre que houver impedimentos de equipamentos de interligação em regime desenergizado.;C
Ac_Operativos;TODAS;Qual a definição de AI?;Documento com vigência temporária, de natureza interna ao agente para incluir, retificar ou complementar procedimentos operativos vigentes, em virtude de alterações nas condições operativas.;É um documento utilizado pelos Centros de Operação das empresas para registrar e garantir à parte responsável pela execução do serviço as condições necessárias em equipamentos de interligação energizados, bem como formalizar a concordância dos centros de operação das empresas envolvidas com os serviços.;É um documento utilizado pelos Centros de Operação das empresas para registrar e garantir à parte responsável pela execução do serviço, a segurança quanto às condições solicitadas para o impedimento do equipamento de interligação, nas condições solicitadas pela PARTE que o emitiu e formalizar a concordância das empresas envolvidas no impedimento.;É um documento utilizado pelos Centros de Operação para registrar o intercâmbio de energia entre as duas empresas.;C
Ac_Operativos;TODAS;Qual a definição de ATEIE?;Documento com vigência temporária, de natureza interna ao agente para incluir, retificar ou complementar procedimentos operativos vigentes, em decorrência de alterações nas condições operativas do sistema.;É um documento utilizado pelos Centros de Operação das empresas para registrar e garantir à parte responsável pela execução do serviço as condições necessárias em equipamentos de interligação energizados, bem como formalizar a concordância dos centros de operação das empresas envolvidas com os serviços.;É um documento utilizado pelos Centros de Operação das empresas para registrar e garantir à parte responsável pela execução do serviço, a segurança quanto às condições solicitadas para o impedimento do equipamento de interligação, nas condições solicitadas pela PARTE que o emitiu e formalizar a concordância das empresas envolvidas no impedimento.;É um documento utilizado pelos Centros de Operação para registrar o intercâmbio de energia entre as duas empresas.;B
Ac_Operativos;TODAS;Qual a definição de MO?;Documento com vigência temporária, de natureza interna ao agente para incluir, retificar ou complementar procedimentos operativos vigentes, em decorrência de alterações nas condições operativas do sistema.;É um documento utilizado pelos Centros de Operação das empresas para registrar e garantir à parte responsável pela execução do serviço as condições necessárias em equipamentos de interligação energizados, bem como formalizar a concordância dos centros de operação das empresas envolvidas com os serviços.;É um documento utilizado pelos Centros de Operação das empresas para registrar e garantir à parte responsável pela execução do serviço, a segurança quanto às condições solicitadas para o impedimento do equipamento de interligação, nas condições solicitadas pela PARTE que o emitiu e formalizar a concordância das empresas envolvidas no impedimento.;É um documento utilizado pelos Centros de Operação para registrar o intercâmbio de energia entre as duas empresas.;A
Ac_Operativos;TODAS;O tempo necessário para execução das manobras de liberação e normalização dos equipamentos de interligação deverão estar incluídos no período total do impedimento. Esta afirmação é?;Verdadeira.;Falsa.; ; ;A
Ac_Operativos;TODAS;Para acesso dos colaboradores do agente acessante na subestação da acessada para realização de trabalhos nos seus equipamentos, a acessante deverá tomar as seguintes providências:;Não há necessidade de nenhuma providência, uma vez que, de acordo com o Acordo Operativo, todos os colaboradores da acessante possuem livre acesso à subestação.;Deverá emitir uma MO para a Acessada informando a relação dos colaboradores que irão acessar a subestação apenas se o nome do colaborador não constar da lista de livre acesso à subestação.;Sempre deverá ser emitido uma MO para a Acessada, a fim de formalizar à solicitação, informando a relação dos colaboradores que irão acessar a subestação.;Além da MO, deverá ser emitida uma AI informando qual atividade será executada nos equipamentos na subestação.;B
Ac_Operativos;TODAS;Como existe compartilhamento da LT 230 kV Ferreira Gomes / Macapá com a EECC (Empresa de Energia Cachoeira Caldeirão), os colaboradores desta empresa (EECC) tem livre acesso à subestação Macapá. Esta afirmação é?;Verdadeira.;Falsa.; ; ;B
Ac_Operativos;TODAS;Para acesso dos colaboradores da UHE Cachoeira Caldeirão na subestação Ferreira Gomes para realização de trabalhos nos equipamentos do Vão 230 kV Cachoeira Caldeirão, o COG-EDP deverá tomar as seguintes providências:;Não há necessidade de nenhuma providência, uma vez que, de acordo com o Acordo Operativo, todos os colaboradores da UHE Cachoeira Caldeirão possuem livre acesso à subestação Ferreira Gomes.; Sempre deverá ser emitido uma MO para o COG-Alupar, a fim de formalizar à solicitação, informando a relação dos colaboradores que irão acessar a subestação de Ferreira Gomes.;Além da MO, deverá ser emitida uma AI informando qual atividade será executada no Vão 230 kV Cachoeira Caldeirão na subestação Ferreira Gomes.;Deverá emitir uma MO ao COG-Alupar informando a relação dos colaboradores que irão acessar a subestação de Ferreira Gomes apenas se o nome do colaborador não constar da lista de livre acesso à subestação.;D
Ac_Operativos;TODAS;Para acesso dos colaboradores da UHE MGP na subestação Itaguaçu para realização de trabalhos nos equipamentos do Vão 230 kV, o COG Alupar deverá tomar as seguintes providências:;Não há necessidade de nenhuma providência, uma vez que, de acordo com o Acordo Operativo, todos os colaboradores da UHE MGP possuem livre acesso à subestação Itaguaçu.; Sempre deverá ser emitido uma MO para Coqueiros Transmissora, a fim de formalizar à solicitação, informando a relação dos colaboradores que irão acessar a subestação de Itaguaçu.;Além da MO, deverá ser emitida uma AI informando qual atividade será executada no Vão 230 kV na subestação Itaguaçu.;Deverá emitir uma MO, ao agente Coqueiros Transmissora, informando a relação dos colaboradores que irão acessar a subestação de Itaguaçu apenas se o nome do colaborador não constar da lista de livre acesso à subestação.;D
Ac_Operativos;TODAS;Para acesso dos colaboradores da UHE São José na subestação Cerro Largo para realização de trabalhos nos equipamentos do Vão 69 kV, o COG Alupar deverá tomar as seguintes providências:;Não há necessidade de nenhuma providência, uma vez que, de acordo com o Acordo Operativo, todos os colaboradores da UHE São José possuem livre acesso à subestação Cerro Largo.; Sempre deverá ser emitido uma MO para RGE, a fim de formalizar à solicitação, informando a relação dos colaboradores que irão acessar a subestação de Cerro Largo.;Além da MO, deverá ser emitida uma AI informando qual atividade será executada no Vão 69 kV na subestação Cerro Largo.;Deverá emitir uma MO, ao agente RGE, informando a relação dos colaboradores que irão acessar a subestação de Cerro Largo apenas se o nome do colaborador não constar da lista de livre acesso à subestação.;D
Ac_Operativos;TODAS;Para acesso dos colaboradores da Energia dos Ventos na subestação Russas II para realização de trabalhos nos equipamentos do Vão 230 kV, o COG Alupar deverá tomar as seguintes providências:;Não há necessidade de nenhuma providência, uma vez que, de acordo com o Acordo Operativo, todos os colaboradores da Energia dos Ventos possuem livre acesso à subestação Russas II.; Sempre deverá ser emitido uma MO para Chesf, a fim de formalizar à solicitação, informando a relação dos colaboradores que irão acessar a subestação de Russas II.;Além da MO, deverá ser emitida uma AI informando qual atividade será executada no Vão 230 kV na subestação Russas II.;Deverá emitir uma MO, ao agente Chesf, informando a relação dos colaboradores que irão acessar a subestação de Russas II apenas se o nome do colaborador não constar da lista de livre acesso à subestação.;D
Ac_Operativos;TODAS;Toda e qualquer manutenção, por parte da equipe da UHE Cachoeira Caldeirão, nos equipamentos instalados no bay pertencente a esta empresa, é obrigatório o acompanhamento de um colaborador da UHE Ferreira Gomes. Esta afirmativa é?;Verdadeira.;Falsa.; ; ;B
Ac_Operativos;TODAS;Toda e qualquer manutenção, por parte da equipe da UHE São José, nos equipamentos instalados no bay pertencente a esta empresa, é obrigatório o acompanhamento de um colaborador da RGE. Esta afirmativa é?;Verdadeira.;Falsa.; ; ;B
Ac_Operativos;TODAS;Toda e qualquer manutenção, por parte da equipe da UHE MGP, nos equipamentos instalados no bay pertencente a esta empresa, é obrigatório o acompanhamento de um colaborador da Coqueiros Transmissora. Esta afirmativa é?;Verdadeira.;Falsa.; ; ;B
Ac_Operativos;TODAS;Toda e qualquer manutenção, por parte da equipe da Energia dos Ventos, nos equipamentos instalados no bay pertencente a esta empresa na SE Russas II, é obrigatório o acompanhamento de um colaborador da Chesf. Esta afirmativa é?;Verdadeira.;Falsa.; ; ;B
C_Continua;TODAS;A corrente elétrica consiste no movimento ordenado dos elétrons no interior de um condutor. Com base nessa afirmação, responda se ela é verdadeira ou falsa.;Verdadeira;Falsa; ; ;A
C_Continua;TODAS;Qual a unidade de medida da intensidade de corrente?;Ampére;Watt;Volts;Ohm;A
C_Continua;TODAS;Qual a simbologia correspondente a unidade Ampére?;A;W;V;H;A
C_Continua;TODAS;A medição de corrente elétrica é efetuada através de um instrumento. Qual o nome desse instrumento?;Amperímetro;Voltímetro;Varímetro;Wattímetro;A
C_Continua;TODAS;O efeito térmico caracteriza-se pelo aquecimento de corpos, os quais produzem uma certa quantidade de calor. Qual das opções abaixo apresentam apenas objetos que produzem o efeito térmico?;Lâmpada, chuveiro e ferro elétrico;Lâmpada, chuveiro, eletroímã;Chuveiro, eletroímã e ferro elétrico;Ebulidor, eletroímã e chuveiro;A
C_Continua;TODAS;A circulação de corrente através dos circuitos elétricos pode produzir alguns efeitos, que variam de acordo com a sua intensidade. Quais são esses efeitos?;Térmico, Magnético e Químico;Apenas térmico e químico;Apenas magnético;Apenas magnético e térmico;A
C_Continua;TODAS;O efeito magnético caracteriza-se pelo aparecimento de um campo magnético (força e atração) em um condutor em forma de espiras. Essa afirmação é verdadeira ou falsa?;Verdadeira;Falsa; ; ;A
C_Continua;TODAS;O efeito térmico caracteriza-se pelo aquecimento de corpos, os quais produzem uma certa quantidade de calor. Essa afirmação é verdadeira ou falsa?;Verdadeira;Falsa; ; ;A
C_Continua;TODAS;A tensão elétrica (denotada por Variação de Tensão), também é conhecida por qual nomenclatura?;Diferença de potencial;Igualdade de potencial;Produto de potencial;Soma de potencial;A
C_Continua;TODAS;Qual a unidade de medida da tensão elétrica?;Volt;Watt;Ohm;Ampére;A
C_Continua;TODAS;Um instrumento pode ser utilizado para se medir a tensão entre dois pontos em um sistema, sendo que usualmente um ponto referencial comum é a terra. Qual o nome desse instrumento?;Volt metro;Amperímetro;Wattímetro;Var metro;A
C_Continua;TODAS;Para que os elétrons livres se movimentem, é necessário que uma força atue sobre eles. Qual o nome dessa força?;Tens o;Impulso;Mecânica;Gravidade;A
C_Continua;TODAS;A tensão elétrica pode ser causada por campos elétricos estáticos, por uma corrente elétrica sob a ação de um campo magnético, por campo magnético variante ou uma combinação de todos os três. Essa afirmação é verdadeira ou falsa?;Verdadeira;Falsa; ; ;A
C_Continua;TODAS;Qual é a simbologia utilizada para representar a unidade de medida da tensão elétrica?;V;A;W;H;A
C_Continua;TODAS;Qual a definição correta de resistência elétrica?;Resistência elétrica é a capacidade de um corpo qualquer se opor à passagem de corrente elétrica mesmo quando existe uma diferença de potencial aplicada.;Resistência elétrica é a incapacidade de um corpo qualquer se opor à passagem de corrente elétrica mesmo quando existe uma diferença de potencial aplicada.;Resistência elétrica é a capacidade de um corpo qualquer permitir à passagem de corrente elétrica mesmo quando existe uma diferença de potencial aplicada.;Resistência elétrica é a capacidade de um corpo qualquer permitir à passagem de corrente elétrica quando não existe uma diferença de potencial aplicada.;A
C_Continua;TODAS;A realização do cálculo da resistência elétrica é possível através de qual lei?;Primeira Lei de Ohm;Primeira Lei de Kirchhoff;Primeira Lei de Newton;Segunda Lei de Newton;A
C_Continua;TODAS;Qual a unidade de medida da resistência elétrica?;Ohm;Volt;Ampére;Joule;A
C_Continua;TODAS;Qual a unidade utilizada para representar a unidade de medida da resistência elétrica?;Ohms;Resistencia;Frequência;Volts;A
C_Continua;TODAS;Em um circuito elétrico, para se obter uma corrente elétrica é necessário que se tenha três elementos. Quais são eles?;Gerador, condutor e carga;Gerador, carregador e carga;Gerador, aterramento e carga;Gerador, turbina e transformador;A
C_Continua;TODAS;A Lei de Ohm, assim designada em homenagem ao seu formulador, o físico alemão Georg Simon Ohm (1787-1854), afirma que, para um condutor mantido à temperatura constante, a razão entre a tensão entre dois pontos e a corrente elétrica é constante. Qual a denominação dessa constante?;Resistência elétrica;Resistência mecânica;Diferença de potencial;Corrente elétrica;A
C_Continua;TODAS;É correta a afirmação de que a corrente num circuito aumenta quando a tensão é aumentada, conservando-se a resistência constante?;Sim;Não; ; ;A
C_Continua;TODAS;É correta a afirmação de que a corrente num circuito aumenta quando a resistência é diminuída, conservando-se a tensão constante?;Sim;Não; ; ;A
C_Continua;TODAS;Segundo a Lei de Ohm, qual a expressão correta para o cálculo da tensão?;V=RxI;V=R-I;V=R/I;V=R+I;A
C_Continua;TODAS;Segundo a Lei de Ohm, qual a expressão correta para o cálculo da corrente?;I=V/R;I=VxR;I=V+R;I=V-R;A
C_Continua;TODAS;Segundo a Lei de Ohm, qual a expressão correta para o cálculo da resistência?;R=V/I;R=V+I;R=VxI;R=V-I;A
C_Continua;TODAS;Utilizando a Lei de Ohm, calcule a tensão de um circuito em série, onde a corrente I é igual 5A e a resistência R é igual a 10 Ohms.;50 V;15 V;5 V;125 V;A
C_Continua;TODAS;Utilizando a Lei de Ohm, calcule a tensão de um circuito em série, onde a corrente I é igual 2A e a resistência R é igual a 12 Ohms.;24 V;12 V;14 V;10 V;A
C_Continua;TODAS;Utilizando a Lei de Ohm, calcule a corrente de um circuito em série, onde a tensão V é igual 10V e a resistência R é igual a 10 Ohms.;1 AMPER;20 AMPERES;100 AMPERES;10 AMPERES;A
C_Continua;TODAS;Utilizando a Lei de Ohm, calcule a corrente de um circuito em série, onde a tensão V é igual 24V e a resistência R é igual a 2 Ohms.;12 AMPERES;26 AMPERES;22 AMPERES;48 AMPERES;A
C_Continua;TODAS;Utilizando a Lei de Ohm, calcule a corrente de um circuito em série, onde a tensão V é igual 10V e a resistência R é igual a 5 Ohms.;2  AMPERES;5 AMPERES;15 AMPERES;50 AMPERES;A
C_Continua;TODAS;Utilizando a Lei de Ohm, calcule a resistência em um circuito em série, onde a tensão V é igual 10V e a corrente I é igual a 2A.;5 Ohms;12  Ohms;8  Ohms;20  Ohms;A
C_Continua;TODAS;Utilizando a Lei de Ohm, calcule a resistência em um circuito em série, onde a tensão V é igual 50V e a corrente I é igual a 5A.;10  Ohms;5 Ohms;25 Ohms;45 Ohms;A
C_Continua;TODAS;É correto afirmar que em um circuito elétrico montado em série a intensidade de corrente é a mesma em qualquer parte do circuito?;Sim;Não; ; ;A
C_Continua;TODAS;É correto afirmar que a tensão nos bornes do circuito é igual à soma das tensões existentes nos bornes de cada resistência?;Sim;Não; ; ;A
C_Continua;TODAS;Segundo a primeira Lei de Kirchhoff, qual a definição correta para “nós”?;São pontos onde três ou mais condutores são interligados.;São pontos onde dois condutores são interligados.;São pontos encontrados em circuitos em série.;São pontos encontrados em circuitos me paralelo e série.;A
C_Continua;TODAS;É correto afirmar que, segundo a primeira lei de Kirchhoff, a soma das correntes que entram em um “nó” é igual a soma das correntes que saem deste mesmo “nó”.;Sim;Não; ; ;A
C_Continua;TODAS;Qual a correta definição para potência elétrica?;Capacidade de efetuar um determinado desempenho, mesmo que não venha a efetuá-lo realmente.;Incapacidade de efetuar um determinado desempenho, mesmo que não venha a efetuá-lo realmente.;Capacidade de efetuar um determinado desempenho, apenas quando efetuá-lo realmente.;Incapacidade de efetuar um determinado desempenho, apenas quando não venha a efetuá-lo realmente.;A
C_Continua;TODAS;Qual a simbologia adotada para a unidade de medida da potência elétrica?;W;A;I;L;A
C_Continua;TODAS;Como é obtida a potência elétrica?;Pelo produto da tensão pela corrente;Pela soma da tensão e corrente;Pelo produto da corrente pela resistência;Pela diferença entre tensão e resistência;A
C_Continua;TODAS;Supondo que um gerador permaneceu fornecendo uma potência média de 50 MW durante 3 horas. Calcule a energia gerada nesse período.;150 MWh;50 MWh;53 MWh;25 MWh;A
C_Continua;TODAS;Supondo que um gerador permaneceu fornecendo uma potência média de 10 MW durante 24 horas. Calcule a energia gerada nesse período.;240 MWh;24 MWh;420 MWh;42 MWh;A
C_Continua;TODAS;Durante um mês composto de 30 dias (720 horas) um sistema que utiliza a eletricidade como fonte, utiliza uma potência média de 2 W. Calcule a energia elétrica consumida por esse sistema.;1,44 kWh;1700 MWh;7,2 kWh;2 kWh;A
